Date,TCS.NS,INFY.NS,RELIANCE.NS
2020-01-01,1866.1136474609375,633.1510620117188,675.3241577148438
2020-01-02,1857.5474853515625,631.3036499023438,686.8212280273438
2020-01-03,1894.567138671875,641.013427734375,687.6488037109375
2020-01-06,1894.394775390625,634.8696899414062,671.7006225585938
2020-01-07,1899.043701171875,625.4607543945312,682.0345458984375
2020-01-08,1941.5723876953125,617.1257934570312,676.9122924804688
2020-01-09,1906.3614501953125,625.159912109375,692.5026245117188
2020-01-10,1905.6729736328125,634.2682495117188,692.3460083007812
2020-01-13,1885.699462890625,664.6862182617188,690.5789794921875
2020-01-14,1899.9481201171875,666.4906005859375,684.1819458007812
2020-01-15,1917.166015625,659.5305786132812,681.6990356445312
2020-01-16,1927.4107666015625,659.0582275390625,687.9842529296875
2020-01-17,1910.450927734375,659.7883911132812,707.2652587890625
2020-01-20,1868.4815673828125,660.3038940429688,685.5015258789062
2020-01-21,1869.084228515625,655.1912841796875,686.1949462890625
2020-01-22,1899.9481201171875,661.8076171875,685.9488525390625
2020-01-23,1890.499267578125,673.96630859375,683.0411376953125
2020-01-24,1883.984130859375,672.5916137695312,680.6701049804688
2020-01-27,1871.77490234375,668.5958251953125,673.9597778320312
2020-01-28,1884.2864990234375,668.510009765625,658.3919677734375
2020-01-29,1859.134033203125,678.5634155273438,662.0154418945312
2020-01-30,1844.6812744140625,670.8300170898438,645.8660888671875
2020-01-31,1793.9444580078125,666.74853515625,631.5060424804688
2020-02-03,1814.1788330078125,659.4017333984375,619.8076782226562
2020-02-04,1818.7088623046875,676.9737548828125,638.1044311523438
2020-02-05,1852.1878662109375,674.1382446289062,647.9909057617188
2020-02-06,1836.484375,662.7958374023438,652.1513671875
2020-02-07,1843.5595703125,667.908447265625,641.3478393554688
2020-02-10,1865.4755859375,664.3855590820312,642.2200927734375
2020-02-11,1858.098388671875,664.6862182617188,649.8922119140625
2020-02-12,1873.069580078125,671.1307373046875,657.7432861328125
2020-02-13,1891.362060546875,680.7545776367188,659.465576171875
2020-02-14,1884.6754150390625,675.7708129882812,665.4824829101562
2020-02-17,1901.1121826171875,678.3485107421875,661.2996826171875
2020-02-18,1911.8980712890625,685.3945922851562,656.4458618164062
2020-02-19,1895.15869140625,687.8004760742188,672.7295532226562
2020-02-20,1861.031982421875,684.8359375,664.7443237304688
2020-02-24,1825.266845703125,683.8478393554688,646.4028930664062
2020-02-25,1860.4715576171875,686.0391235351562,633.6309204101562
2020-02-26,1832.3851318359375,672.5916137695312,622.7155151367188
2020-02-27,1816.7669677734375,668.3810424804688,620.1432495117188
2020-02-28,1725.8646240234375,628.7260131835938,594.3756713867188
2020-03-02,1726.8565673828125,636.7601318359375,588.7837524414062
2020-03-03,1756.9705810546875,641.8726196289062,600.7280883789062
2020-03-04,1797.525390625,651.9691162109375,599.3189697265625
2020-03-05,1833.6365966796875,648.403076171875,586.5469970703125
2020-03-06,1826.2156982421875,634.9556884765625,568.5857543945312
2020-03-09,1701.8763427734375,605.310791015625,498.41845703125
2020-03-11,1685.7838134765625,589.4573974609375,516.044189453125
2020-03-12,1527.1456298828125,542.3695068359375,475.5363464355469
2020-03-13,1558.5972900390625,551.9502563476562,494.4593811035156
2020-03-16,1463.7681884765625,501.08172607421875,454.37652587890625
2020-03-17,1430.634033203125,476.850341796875,450.9319152832031
2020-03-18,1427.5279541015625,459.10650634765625,433.261474609375
2020-03-19,1422.269287109375,468.77325439453125,410.5359191894531
2020-03-20,1562.292724609375,502.84332275390625,455.3830871582031
2020-03-23,1451.25634765625,452.3612976074219,395.4825439453125
2020-03-24,1480.330078125,506.7959289550781,422.0329284667969
2020-03-25,1521.3114013671875,520.8877563476562,484.1478576660156
2020-03-26,1556.6431884765625,552.5089721679688,476.96783447265625
2020-03-27,1585.80419921875,560.84375,476.699462890625
2020-03-30,1545.8221435546875,538.5028686523438,460.97503662109375
2020-03-31,1587.19482421875,551.219970703125,498.2395324707031
2020-04-01,1485.197265625,517.96630859375,483.3426513671875
2020-04-03,1437.7838134765625,503.27288818359375,482.0005798339844
2020-04-07,1542.9537353515625,549.07177734375,539.5526123046875
2020-04-08,1482.3292236328125,542.7132568359375,533.3119506835938
2020-04-09,1535.0880126953125,546.7088623046875,545.7484130859375
2020-04-13,1529.0906982421875,547.697021484375,531.969970703125
2020-04-15,1508.1435546875,549.1148071289062,514.388916015625
2020-04-16,1491.5423583984375,536.0538940429688,522.53076171875
2020-04-17,1569.8984375,540.2643432617188,547.5601806640625
2020-04-20,1580.719482421875,561.3593139648438,556.4177856445312
2020-04-21,1510.31640625,544.0880737304688,553.5322875976562
2020-04-22,1537.99951171875,551.5206909179688,610.0106201171875
2020-04-23,1632.5220947265625,583.7002563476562,613.2763671875
2020-04-24,1580.6324462890625,565.3978881835938,633.8993530273438
2020-04-27,1596.3209228515625,571.0689697265625,639.6030883789062
2020-04-28,1615.833984375,567.718017578125,638.8873901367188
2020-04-29,1656.3375244140625,581.3372802734375,638.3504638671875
2020-04-30,1750.9034423828125,614.8057250976562,655.8196411132812
2020-05-04,1677.8929443359375,578.8884887695312,642.0411376953125
2020-05-05,1679.892333984375,578.8884887695312,653.42626953125
2020-05-06,1654.5556640625,572.1860961914062,653.4710693359375
2020-05-07,1644.1690673828125,571.3698120117188,674.138671875
2020-05-08,1645.6900634765625,579.318115234375,698.6761474609375
2020-05-11,1682.1083984375,586.7936401367188,705.3862915039062
2020-05-12,1694.4505615234375,590.8751831054688,661.7470092773438
2020-05-13,1694.580810546875,596.4603881835938,675.7871704101562
2020-05-14,1653.4691162109375,565.52685546875,648.4657592773438
2020-05-15,1645.2554931640625,560.5,659.0557250976562
2020-05-18,1691.060791015625,570.4676513671875,650.6334838867188
2020-05-19,1693.7115478515625,574.506103515625,636.2501220703125
2020-05-20,1698.0145263671875,575.3224487304688,647.4496459960938
2020-05-21,1730.6949462890625,577.599609375,650.8592529296875
2020-05-22,1756.0313720703125,594.9136962890625,646.4788818359375
2020-05-26,1688.80078125,584.7744140625,643.0918579101562
2020-05-27,1742.9501953125,606.1700439453125,652.8010864257812
2020-05-28,1742.0811767578125,607.8456420898438,664.858642578125
2020-05-29,1714.310791015625,601.8359985351562,661.3136596679688
2020-06-01,1777.674072265625,609.2828369140625,686.580322265625
2020-06-02,1779.324951171875,616.7295532226562,693.5122680664062
2020-06-03,1783.6837158203125,611.0247192382812,696.19921875
2020-06-04,1823.2603759765625,616.4247436523438,713.4275512695312
2020-06-05,1785.514404296875,612.7666625976562,714.2855224609375
2020-06-08,1805.999755859375,627.8343505859375,708.7760620117188
2020-06-09,1806.261474609375,625.003662109375,694.1670532226562
2020-06-10,1838.2540283203125,623.4795532226562,709.9728393554688
2020-06-11,1802.4259033203125,613.1150512695312,694.4154052734375
2020-06-12,1777.886962890625,602.75048828125,717.4918823242188
2020-06-15,1769.5184326171875,598.8311157226562,729.1204833984375
2020-06-16,1783.37890625,610.7199096679688,730.5428466796875
2020-06-17,1785.1220703125,612.8538208007812,729.481689453125
2020-06-18,1776.6661376953125,621.78125,747.793701171875
2020-06-19,1782.33251953125,614.508544921875,794.5337524414062
2020-06-22,1767.8184814453125,612.8972778320312,788.5501098632812
2020-06-23,1774.2255859375,627.6602783203125,777.1473999023438
2020-06-24,1780.240478515625,621.9989624023438,780.285888671875
2020-06-25,1757.4881591796875,610.1101684570312,775.7925415039062
2020-06-26,1847.0584716796875,651.6552734375,786.5179443359375
2020-06-29,1832.064208984375,637.3278198242188,778.1634521484375
2020-06-30,1815.0657958984375,640.98583984375,769.5606079101562
2020-07-01,1823.6962890625,637.4585571289062,784.68896484375
2020-07-02,1880.4453125,658.9712524414062,798.19775390625
2020-07-03,1917.4940185546875,664.2840576171875,810.689697265625
2020-07-06,1972.8916015625,665.4163818359375,839.6640014648438
2020-07-07,1978.733154296875,691.676025390625,826.8092041015625
2020-07-08,1934.2744140625,674.7357177734375,815.26953125
2020-07-09,1921.59130859375,680.8324584960938,827.1719360351562
2020-07-10,1937.2821044921875,680.9630737304688,851.5665893554688
2020-07-13,1935.2335205078125,694.2018432617188,877.3895874023438
2020-07-14,1893.346923828125,682.1824951171875,869.2277221679688
2020-07-15,1947.3504638671875,723.7274169921875,836.1272583007812
2020-07-16,1952.4608154296875,793.4481811523438,835.855224609375
2020-07-17,1922.7559814453125,786.611083984375,866.8245849609375
2020-07-20,1929.00244140625,813.7415771484375,870.5426025390625
2020-07-21,1943.9874267578125,815.8753662109375,893.9623413085938
2020-07-22,1914.1939697265625,799.4578247070312,908.67626953125
2020-07-23,1896.93896484375,790.7916259765625,933.0708618164062
2020-07-24,1884.8817138671875,803.76904296875,973.1314697265625
2020-07-27,1928.0421142578125,826.0656127929688,977.6884765625
2020-07-28,2017.9876708984375,838.6077270507812,987.4371948242188
2020-07-29,1988.5447998046875,831.0301513671875,950.6866455078125
2020-07-30,1991.55908203125,837.38818359375,956.2184448242188
2020-07-31,1993.2186279296875,841.3511962890625,937.2877807617188
2020-08-03,1969.4111328125,833.4254150390625,910.9434204101562
2020-08-04,1965.523193359375,827.2850952148438,975.1492919921875
2020-08-05,1974.0853271484375,822.7996215820312,964.1988525390625
2020-08-06,2016.5462646484375,845.5751953125,967.6676635742188
2020-08-07,2005.4068603515625,828.1995849609375,973.2675170898438
2020-08-10,1994.441650390625,828.5914916992188,961.206298828125
2020-08-11,1991.908203125,826.0656127929688,967.5316162109375
2020-08-12,1972.20654296875,831.7269897460938,964.7202758789062
2020-08-13,1969.6732177734375,828.4608764648438,962.203857421875
2020-08-14,1958.926513671875,830.55126953125,958.4630126953125
2020-08-17,1968.755615234375,833.947998046875,948.2835083007812
2020-08-18,1983.0399169921875,842.7010498046875,960.6167602539062
2020-08-19,1971.5511474609375,835.515625,966.5114135742188
2020-08-20,1968.2755126953125,831.901123046875,950.8679809570312
2020-08-21,1964.56201171875,826.3705444335938,943.9758911132812
2020-08-24,1964.125,825.1511840820312,950.278564453125
2020-08-25,1959.363037109375,817.0512084960938,944.0892333984375
2020-08-26,1968.843017578125,828.1124877929688,969.11865234375
2020-08-27,1964.3870849609375,824.8463134765625,957.0120239257812
2020-08-28,1955.7816162109375,814.5689697265625,959.5286254882812
2020-08-31,1972.1192626953125,808.7770385742188,943.4544067382812
2020-09-01,1962.595947265625,796.191650390625,946.4244384765625
2020-09-02,1979.02099609375,804.7706298828125,964.992431640625
2020-09-03,2009.032470703125,814.830322265625,957.6921997070312
2020-09-04,1999.6842041015625,800.5465087890625,941.89013671875
2020-09-07,2033.102294921875,805.6851196289062,944.338623046875
2020-09-08,2051.580322265625,818.096435546875,955.425048828125
2020-09-09,2033.6260986328125,808.0367431640625,980.0236206054688
2020-09-10,2036.684814453125,818.7496948242188,1049.239990234375
2020-09-11,2074.208984375,823.670654296875,1051.84716796875
2020-09-14,2176.6923828125,852.1511840820312,1044.0482177734375
2020-09-15,2176.6923828125,855.6785278320312,1051.439208984375
2020-09-16,2186.826904296875,872.4880981445312,1054.023681640625
2020-09-17,2150.08837890625,880.5446166992188,1042.3250732421875
2020-09-18,2140.43408203125,872.8364868164062,1045.4764404296875
2020-09-21,2153.88818359375,879.5864868164062,1022.8728637695312
2020-09-22,2204.25634765625,877.49609375,1002.6046142578125
2020-09-23,2155.766845703125,888.1654052734375,1011.5144653320312
2020-09-24,2037.6458740234375,849.5380859375,989.0242919921875
2020-09-25,2116.320556640625,880.9365234375,998.3196411132812
2020-09-28,2119.815673828125,880.02197265625,1004.9170532226562
2020-09-29,2174.07080078125,878.8026733398438,1017.9757690429688
2020-09-30,2177.47802734375,878.1493530273438,1013.1242065429688
2020-10-01,2204.693603515625,886.3364868164062,1008.9979248046875
2020-10-05,2364.00927734375,913.3798217773438,1003.08056640625
2020-10-06,2371.43603515625,919.5201416015625,1002.2417602539062
2020-10-07,2390.35107421875,928.926513671875,1023.6211547851562
2020-10-08,2468.763916015625,952.5730590820312,1015.3458862304688
2020-10-09,2457.623779296875,963.9827880859375,1012.716064453125
2020-10-12,2472.52099609375,986.0181884765625,1014.348388671875
2020-10-13,2469.5068359375,1008.4020385742188,1034.1407470703125
2020-10-14,2465.16357421875,990.2860107421875,1037.22412109375
2020-10-15,2404.62255859375,965.2456665039062,1000.4960327148438
2020-10-16,2424.539794921875,982.0116577148438,986.57568359375
2020-10-19,2379.1337890625,980.618408203125,986.757080078125
2020-10-20,2403.21875,990.721435546875,977.5525512695312
2020-10-21,2347.415283203125,1000.17138671875,963.360107421875
2020-10-22,2343.68603515625,983.36181640625,955.35693359375
2020-10-23,2357.41796875,988.1593627929688,958.1228637695312
2020-10-26,2358.646240234375,979.3121948242188,920.057373046875
2020-10-27,2307.71240234375,960.2974853515625,922.5059204101562
2020-10-28,2300.737548828125,947.7088623046875,912.0542602539062
2020-10-29,2309.90625,946.212158203125,919.0597534179688
2020-10-30,2338.1591796875,933.6676635742188,931.5745849609375
2020-11-02,2285.294677734375,943.9675903320312,851.2945556640625
2020-11-03,2310.739501953125,935.384521484375,839.0292358398438
2020-11-04,2327.89306640625,963.0263061523438,867.5046997070312
2020-11-05,2356.4521484375,971.87353515625,886.4580688476562
2020-11-06,2375.535888671875,979.5765380859375,920.0800170898438
2020-11-09,2392.3388671875,1000.5281372070312,929.8514404296875
2020-11-10,2324.778564453125,960.4736328125,945.2001342773438
2020-11-11,2358.29541015625,988.1593627929688,905.5928344726562
2020-11-12,2343.599365234375,983.9779663085938,897.7938842773438
2020-11-13,2331.1396484375,989.6561889648438,905.2301025390625
2020-11-14,2342.984619140625,997.7989501953125,907.9053955078125
2020-11-17,2339.211669921875,989.2158813476562,903.8018798828125
2020-11-18,2304.6416015625,977.6397705078125,901.05859375
2020-11-19,2313.634521484375,965.4912719726562,894.6878051757812
2020-11-20,2334.122802734375,971.3013305664062,861.292724609375
2020-11-23,2390.277099609375,1003.4330444335938,884.5083618164062
2020-11-24,2388.346923828125,1003.6093139648438,890.5616455078125
2020-11-25,2370.140380859375,982.1293334960938,883.193359375
2020-11-26,2387.074462890625,979.9725952148438,885.369873046875
2020-11-27,2351.144287109375,968.3522338867188,875.0316772460938
2020-12-01,2392.514404296875,1001.6724243164062,886.4127807617188
2020-12-02,2412.47509765625,1004.3572387695312,887.8864135742188
2020-12-03,2377.290771484375,991.6367797851562,890.5616455078125
2020-12-04,2393.171875,998.8552856445312,882.7173461914062
2020-12-07,2402.078125,1006.6463623046875,887.9090576171875
2020-12-08,2454.371337890625,1015.3172607421875,904.0286254882812
2020-12-09,2466.216552734375,1034.5523681640625,919.0824584960938
2020-12-10,2442.96435546875,1027.9940185546875,910.0364990234375
2020-12-11,2442.350341796875,1023.9884643554688,909.492431640625
2020-12-14,2454.72216796875,1025.1771240234375,902.9176635742188
2020-12-15,2423.004638671875,1016.4176635742188,895.2319946289062
2020-12-16,2469.199462890625,1026.1893310546875,896.2294921875
2020-12-17,2490.257080078125,1020.4671630859375,900.3331298828125
2020-12-18,2510.26220703125,1047.4051513671875,903.031005859375
2020-12-21,2474.419921875,1036.4010009765625,879.5206298828125
2020-12-22,2520.352783203125,1074.4310302734375,878.1603393554688
2020-12-23,2552.157958984375,1103.08544921875,881.40234375
2020-12-24,2552.684814453125,1088.1197509765625,904.2100219726562
2020-12-28,2570.27734375,1091.861083984375,908.3588256835938
2020-12-29,2571.2421875,1100.6644287109375,902.3509521484375
2020-12-30,2552.640869140625,1097.5833740234375,904.822021484375
2020-12-31,2511.797607421875,1105.5064697265625,900.1971435546875
2021-01-01,2569.267822265625,1109.599853515625,901.1946411132812
2021-01-04,2666.83544921875,1134.0726318359375,902.713623046875
2021-01-05,2713.820556640625,1138.958251953125,891.4911499023438
2021-01-06,2677.408203125,1128.6585693359375,867.9807739257812
2021-01-07,2661.00048828125,1111.0963134765625,866.5751953125
2021-01-08,2738.30029296875,1155.068115234375,876.800048828125
2021-01-11,2787.040283203125,1211.496826171875,860.2723999023438
2021-01-12,2785.63671875,1207.5794677734375,887.3876953125
2021-01-13,2771.685546875,1221.13623046875,879.112548828125
2021-01-14,2857.615478515625,1206.47900390625,888.9973754882812
2021-01-15,2842.36376953125,1183.9866943359375,878.5003662109375
2021-01-18,2832.166259765625,1155.024169921875,899.5849609375
2021-01-19,2866.40625,1159.07373046875,914.298828125
2021-01-20,2908.68994140625,1179.14501953125,931.6652221679688
2021-01-21,2877.96630859375,1179.364990234375,951.93359375
2021-01-22,2903.67919921875,1180.3775634765625,929.3526611328125
2021-01-25,2893.305908203125,1166.5123291015625,880.1100463867188
2021-01-27,2866.7138671875,1145.2967529296875,859.2522583007812
2021-01-28,2810.013427734375,1123.4647216796875,850.8864135742188
2021-01-29,2735.115966796875,1090.7608642578125,835.1976928710938
2021-02-01,2759.730712890625,1109.9959716796875,859.3883056640625
2021-02-02,2816.079345703125,1119.1070556640625,873.2179565429688
2021-02-03,2813.0908203125,1130.9033203125,875.4171142578125
2021-02-04,2802.893310546875,1126.23779296875,872.5377807617188
2021-02-05,2776.0810546875,1119.85546875,872.288330078125
2021-02-08,2825.441650390625,1147.5416259765625,884.8484497070312
2021-02-09,2792.7392578125,1149.3021240234375,886.9795532226562
2021-02-10,2824.738525390625,1141.335205078125,895.2092895507812
2021-02-11,2818.3203125,1137.9461669921875,932.11865234375
2021-02-12,2804.959228515625,1153.0435791015625,925.7252197265625
2021-02-15,2760.169921875,1152.9114990234375,921.6443481445312
2021-02-16,2732.874755859375,1135.9654541015625,933.8417358398438
2021-02-17,2701.491455078125,1127.9544677734375,944.6107177734375
2021-02-18,2687.645751953125,1137.769775390625,937.559814453125
2021-02-19,2700.392578125,1136.7576904296875,943.2730712890625
2021-02-22,2600.705322265625,1113.7811279296875,910.5352172851562
2021-02-23,2619.8251953125,1114.7935791015625,917.4954833984375
2021-02-24,2591.606689453125,1121.792236328125,934.5218505859375
2021-02-25,2633.099365234375,1122.0120849609375,972.3153076171875
2021-02-26,2544.3125,1103.3052978515625,945.7669677734375
2021-03-01,2570.59716796875,1115.365966796875,952.9765014648438
2021-03-02,2642.8134765625,1148.3778076171875,954.92626953125
2021-03-03,2689.1845703125,1182.7542724609375,998.5009765625
2021-03-04,2680.920654296875,1171.134033203125,986.5984497070312
2021-03-05,2644.307373046875,1159.1177978515625,987.890625
2021-03-08,2643.34033203125,1175.8878173828125,993.5133056640625
2021-03-09,2682.019775390625,1184.51513671875,993.4905395507812
2021-03-10,2699.600830078125,1204.4102783203125,989.3643798828125
2021-03-12,2688.17333984375,1210.3084716796875,969.254638671875
2021-03-15,2695.381591796875,1209.2080078125,956.2412109375
2021-03-16,2733.9736328125,1218.36328125,952.4777221679688
2021-03-17,2736.5224609375,1221.0045166015625,931.9599609375
2021-03-18,2669.3173828125,1177.0762939453125,910.98876953125
2021-03-19,2681.36083984375,1183.546630859375,944.0438232421875
2021-03-22,2751.202880859375,1206.7431640625,935.1566162109375
2021-03-23,2762.587646484375,1207.4034423828125,946.5377197265625
2021-03-24,2743.68701171875,1191.7335205078125,928.309814453125
2021-03-25,2694.2392578125,1174.171142578125,902.9857177734375
2021-03-26,2695.95361328125,1176.283935546875,904.4367065429688
2021-03-30,2776.6083984375,1219.5078125,920.1480712890625
2021-03-31,2793.574951171875,1204.3221435546875,908.26806640625
2021-04-01,2782.27880859375,1219.4197998046875,916.77001953125
2021-04-05,2847.242919921875,1241.163818359375,903.5072021484375
2021-04-06,2869.92236328125,1242.1759033203125,899.7437133789062
2021-04-07,2875.8125,1259.033935546875,908.1547241210938
2021-04-08,2916.2060546875,1267.529052734375,909.288330078125
2021-04-09,2920.51318359375,1268.5855712890625,898.723388671875
2021-04-12,2853.967529296875,1255.11669921875,866.5751953125
2021-04-13,2728.698974609375,1229.939453125,875.9385986328125
2021-04-15,2829.704833984375,1197.8958740234375,881.6064453125
2021-04-16,2808.7822265625,1191.7335205078125,876.0745239257812
2021-04-19,2779.465576171875,1199.4805908203125,862.2901000976562
2021-04-20,2764.301513671875,1189.6209716796875,862.0408935546875
2021-04-22,2741.66552734375,1189.4007568359375,864.4213256835938
2021-04-23,2733.489990234375,1174.171142578125,863.491943359375
2021-04-26,2725.842041015625,1182.7542724609375,878.6817626953125
2021-04-27,2753.269287109375,1187.11181640625,901.7161254882812
2021-04-28,2746.32421875,1193.71435546875,905.6382446289062
2021-04-29,2738.544677734375,1194.0223388671875,917.7675170898438
2021-04-30,2668.570068359375,1192.2618408203125,904.3685913085938
2021-05-03,2669.75634765625,1190.2369384765625,888.2945556640625
2021-05-04,2680.96484375,1170.2978515625,869.0462646484375
2021-05-05,2721.3583984375,1180.9498291015625,870.6333618164062
2021-05-06,2735.2041015625,1198.6441650390625,875.5758056640625
2021-05-07,2754.06005859375,1190.67724609375,875.9158325195312
2021-05-10,2765.136474609375,1179.233154296875,873.3992919921875
2021-05-11,2745.005615234375,1171.3983154296875,876.5506591796875
2021-05-12,2714.23779296875,1168.184814453125,867.4820556640625
2021-05-14,2682.503173828125,1158.8536376953125,878.432373046875
2021-05-17,2698.547607421875,1170.2978515625,888.8839721679688
2021-05-18,2715.29248046875,1179.629150390625,901.398681640625
2021-05-19,2709.3154296875,1176.98828125,905.52490234375
2021-05-20,2689.97607421875,1179.0128173828125,900.242431640625
2021-05-21,2707.996826171875,1192.393798828125,908.018798828125
2021-05-24,2708.87548828125,1186.7158203125,900.3556518554688
2021-05-25,2750.835693359375,1198.6441650390625,890.153564453125
2021-05-26,2790.14697265625,1230.0274658203125,893.2822265625
2021-05-27,2809.138427734375,1234.42919921875,896.0255737304688
2021-05-28,2776.98388671875,1236.8939208984375,949.8478393554688
2021-05-31,2790.72021484375,1240.1865234375,979.5475463867188
2021-06-01,2785.28759765625,1234.3577880859375,983.4470825195312
2021-06-02,2764.484130859375,1226.750244140625,998.1155395507812
2021-06-03,2774.908203125,1236.5380859375,1001.9243774414062
2021-06-04,2777.11669921875,1232.9788818359375,993.2412109375
2021-06-07,2811.9658203125,1236.5380859375,1009.9727172851562
2021-06-08,2826.938720703125,1257.2708740234375,1004.1688842773438
2021-06-09,2827.026611328125,1259.3619384765625,986.2129516601562
2021-06-10,2841.647216796875,1267.3704833984375,989.8403930664062
2021-06-11,2892.000244140625,1287.48046875,1007.0098876953125
2021-06-14,2894.252197265625,1300.738525390625,1021.4564819335938
2021-06-15,2882.238037109375,1311.5054931640625,1023.7769775390625
2021-06-16,2892.48583984375,1317.4674072265625,1006.3045654296875
2021-06-17,2930.823974609375,1330.5477294921875,1008.1473999023438
2021-06-18,2912.7587890625,1337.6661376953125,1012.697509765625
2021-06-21,2891.38134765625,1334.9969482421875,1017.9755859375
2021-06-22,2916.203369140625,1345.2740478515625,1012.7430419921875
2021-06-23,2881.04541015625,1337.5325927734375,1003.4607543945312
2021-06-24,2980.16064453125,1387.4071044921875,979.868408203125
2021-06-25,2986.520751953125,1400.7542724609375,957.5499877929688
2021-06-28,2947.608642578125,1398.618896484375,949.1550903320312
2021-06-29,2951.230224609375,1390.8330078125,949.97412109375
2021-06-30,2955.55859375,1406.62744140625,960.37109375
2021-07-01,2951.804443359375,1388.474853515625,954.5924682617188
2021-07-02,2937.6259765625,1395.0594482421875,968.7433471679688
2021-07-05,2933.695556640625,1404.98095703125,978.3668823242188
2021-07-06,2881.8408203125,1390.076416015625,966.8095092773438
2021-07-07,2893.015625,1392.2122802734375,960.09814453125
2021-07-08,2878.4833984375,1388.786376953125,952.1581420898438
2021-07-09,2834.005615234375,1390.699462890625,942.4208984375
2021-07-12,2820.71142578125,1377.3074951171875,948.29052734375
2021-07-13,2815.808837890625,1374.7271728515625,955.3887329101562
2021-07-14,2839.659912109375,1403.1568603515625,949.1550903320312
2021-07-15,2835.587158203125,1406.62744140625,947.4943237304688
2021-07-16,2828.37255859375,1384.0703125,961.1674194335938
2021-07-19,2819.341064453125,1371.8353271484375,955.0475463867188
2021-07-20,2838.110595703125,1379.2650146484375,952.7041015625
2021-07-22,2847.450439453125,1414.9915771484375,964.9439697265625
2021-07-23,2844.352294921875,1415.2138671875,958.1188354492188
2021-07-26,2830.806884765625,1427.18212890625,944.9917602539062
2021-07-27,2817.881103515625,1425.9808349609375,935.0496826171875
2021-07-28,2831.027587890625,1428.69482421875,927.0187377929688
2021-07-29,2829.2568359375,1438.8387451171875,934.25341796875
2021-07-30,2804.15869140625,1433.0548095703125,926.0859985351562
2021-08-02,2850.150390625,1451.7855224609375,943.012451171875
2021-08-03,2908.1376953125,1472.8297119140625,949.9513549804688
2021-08-04,2898.443603515625,1467.5352783203125,957.2315673828125
2021-08-05,2907.297119140625,1471.361572265625,971.1094360351562
2021-08-06,2930.181884765625,1468.380859375,950.5429077148438
2021-08-09,2941.6025390625,1480.0372314453125,945.1282348632812
2021-08-10,2951.517333984375,1492.4503173828125,950.0878295898438
2021-08-11,2960.636474609375,1492.71728515625,963.39697265625
2021-08-12,2967.32080078125,1503.439453125,960.3029174804688
2021-08-13,3066.164794921875,1523.5494384765625,976.2965087890625
2021-08-16,3074.619384765625,1516.6090087890625,988.9686279296875
2021-08-17,3145.532958984375,1549.7547607421875,984.7598266601562
2021-08-18,3152.172119140625,1542.4580078125,988.5819091796875
2021-08-20,3151.242919921875,1542.0133056640625,977.4796142578125
2021-08-23,3220.2080078125,1547.17431640625,983.895263671875
2021-08-24,3198.78369140625,1531.246337890625,993.6098022460938
2021-08-25,3239.330078125,1544.326904296875,1002.2095336914062
2021-08-26,3250.70703125,1537.3419189453125,1014.8815307617188
2021-08-27,3293.466552734375,1520.5240478515625,1013.4937133789062
2021-08-30,3276.778564453125,1510.95849609375,1032.9910888671875
2021-08-31,3352.162841796875,1518.4329833984375,1027.4854736328125
2021-09-01,3288.863525390625,1492.8951416015625,1031.557861328125
2021-09-02,3396.693359375,1502.99462890625,1043.9796142578125
2021-09-03,3401.3857421875,1513.2720947265625,1086.7962646484375
2021-09-06,3410.193603515625,1539.744140625,1103.67724609375
2021-09-07,3378.234619140625,1518.611083984375,1110.638916015625
2021-09-08,3341.273193359375,1506.6875,1106.29345703125
2021-09-09,3356.544921875,1505.21923828125,1103.67724609375
2021-09-13,3404.306884765625,1505.4862060546875,1079.0838623046875
2021-09-14,3440.2060546875,1500.369873046875,1077.67333984375
2021-09-15,3500.98193359375,1522.8822021484375,1082.155029296875
2021-09-16,3455.6103515625,1514.6959228515625,1104.860107421875
2021-09-17,3388.814208984375,1504.952392578125,1087.72900390625
2021-09-20,3384.962646484375,1501.8824462890625,1089.4580078125
2021-09-21,3419.888671875,1529.1109619140625,1094.1673583984375
2021-09-22,3419.179931640625,1527.731689453125,1105.90673828125
2021-09-23,3425.465576171875,1550.5555419921875,1132.934326171875
2021-09-24,3427.281005859375,1569.5086669921875,1129.658203125
2021-09-27,3396.870849609375,1531.5133056640625,1148.655029296875
2021-09-28,3345.69921875,1501.2149658203125,1159.3935546875
2021-09-29,3356.987548828125,1505.7977294921875,1150.2021484375
2021-09-30,3342.5126953125,1490.6260986328125,1146.2889404296875
2021-10-01,3302.3642578125,1481.68359375,1148.3138427734375
2021-10-04,3340.520751953125,1493.7850341796875,1163.0789794921875
2021-10-05,3393.63916015625,1506.287109375,1187.2174072265625
2021-10-06,3373.807861328125,1489.1580810546875,1164.7625732421875
2021-10-07,3446.4033203125,1504.6851806640625,1170.472900390625
2021-10-08,3484.249755859375,1533.916015625,1215.450927734375
2021-10-11,3262.87939453125,1504.6407470703125,1206.987548828125
2021-10-12,3233.885986328125,1499.47998046875,1213.8809814453125
2021-10-13,3235.96630859375,1520.8800048828125,1226.234619140625
2021-10-14,3203.36865234375,1526.7083740234375,1228.7144775390625
2021-10-18,3235.034912109375,1594.690673828125,1231.990478515625
2021-10-19,3223.504150390625,1621.38525390625,1243.0245361328125
2021-10-20,3201.062744140625,1603.7667236328125,1228.7144775390625
2021-10-21,3133.34033203125,1560.4324951171875,1193.26904296875
2021-10-22,3103.491943359375,1530.3118896484375,1195.49853515625
2021-10-25,3098.25927734375,1519.412109375,1183.8502197265625
2021-10-26,3089.078369140625,1529.4212646484375,1210.809814453125
2021-10-27,3095.4208984375,1552.0882568359375,1195.49853515625
2021-10-28,3035.015380859375,1529.6009521484375,1182.3941650390625
2021-10-29,3013.816162109375,1497.148681640625,1154.0244140625
2021-11-01,3083.578857421875,1526.1446533203125,1154.7296142578125
2021-11-02,3090.49755859375,1524.2144775390625,1137.89404296875
2021-11-03,3097.6376953125,1528.3441162109375,1130.06787109375
2021-11-04,3112.18505859375,1533.9097900390625,1137.0068359375
2021-11-08,3106.951416015625,1559.7637939453125,1138.4173583984375
2021-11-09,3109.568115234375,1564.2523193359375,1147.4039306640625
2021-11-10,3090.587158203125,1562.142578125,1160.235107421875
2021-11-11,3094.04541015625,1555.993408203125,1162.3509521484375
2021-11-12,3127.619140625,1598.095703125,1179.8917236328125
2021-11-15,3151.789794921875,1604.3349609375,1172.9300537109375
2021-11-16,3154.53955078125,1608.958251953125,1145.6749267578125
2021-11-17,3123.937744140625,1604.60400390625,1121.1495361328125
2021-11-18,3082.958251953125,1597.3779296875,1125.3812255859375
2021-11-22,3067.61279296875,1579.423583984375,1075.53466796875
2021-11-23,3072.801513671875,1559.22509765625,1085.59033203125
2021-11-24,3054.2197265625,1522.5089111328125,1069.915283203125
2021-11-25,3056.525634765625,1546.2083740234375,1134.3221435546875
2021-11-26,3057.368408203125,1518.6038818359375,1097.7620849609375
2021-11-29,3106.28662109375,1522.822998046875,1110.911865234375
2021-11-30,3130.368896484375,1537.455810546875,1094.4859619140625
2021-12-01,3173.521240234375,1539.4754638671875,1122.5147705078125
2021-12-02,3231.264892578125,1569.4139404296875,1129.7265625
2021-12-03,3229.092041015625,1558.0133056640625,1095.7825927734375
2021-12-06,3136.799072265625,1521.8807373046875,1075.0113525390625
2021-12-07,3179.464111328125,1536.55810546875,1083.7703857421875
2021-12-08,3217.072509765625,1573.992431640625,1100.2646484375
2021-12-09,3194.764892578125,1583.05908203125,1117.71435546875
2021-12-10,3225.8544921875,1579.288818359375,1118.851806640625
2021-12-13,3201.77197265625,1566.1822509765625,1096.4197998046875
2021-12-14,3214.32373046875,1572.915283203125,1082.996826171875
2021-12-15,3166.913330078125,1556.8011474609375,1079.8345947265625
2021-12-16,3176.89208984375,1590.37548828125,1093.8033447265625
2021-12-17,3179.3310546875,1634.587646484375,1064.932861328125
2021-12-20,3154.983154296875,1614.8828125,1036.2215576171875
2021-12-21,3200.57470703125,1626.2838134765625,1051.6466064453125
2021-12-22,3220.48828125,1638.043701171875,1076.6038818359375
2021-12-23,3248.82763671875,1667.578125,1076.21728515625
2021-12-24,3256.10107421875,1672.874755859375,1079.652587890625
2021-12-27,3278.453369140625,1675.2535400390625,1078.4923095703125
2021-12-28,3287.72265625,1694.86865234375,1091.30078125
2021-12-29,3277.212158203125,1692.6690673828125,1093.1663818359375
2021-12-30,3311.849609375,1699.222412109375,1073.4189453125
2021-12-31,3315.9296875,1694.6439208984375,1077.53662109375
2022-01-03,3386.357666015625,1704.2493896484375,1093.7806396484375
2022-01-04,3445.786865234375,1704.8780517578125,1118.4649658203125
2022-01-05,3424.67626953125,1655.952880859375,1123.69775390625
2022-01-06,3377.221435546875,1631.849365234375,1099.5364990234375
2022-01-07,3418.06787109375,1628.7076416015625,1108.4093017578125
2022-01-10,3441.441162109375,1661.4288330078125,1109.3193359375
2022-01-11,3473.417724609375,1665.78271484375,1117.304931640625
2022-01-12,3423.744384765625,1685.3975830078125,1147.130859375
2022-01-13,3457.451171875,1702.7684326171875,1153.592041015625
2022-01-14,3519.763427734375,1731.988525390625,1155.275390625
2022-01-17,3565.0,1741.1002197265625,1161.3043212890625
2022-01-18,3539.67626953125,1724.2684326171875,1147.44921875
2022-01-19,3478.41015625,1676.0615234375,1147.3582763671875
2022-01-20,3400.12744140625,1637.1461181640625,1127.26953125
2022-01-21,3406.30322265625,1603.033203125,1127.451416015625
2022-01-24,3351.079345703125,1559.135498046875,1081.97314453125
2022-01-25,3349.789794921875,1545.9840087890625,1079.8572998046875
2022-01-27,3242.585693359375,1506.888671875,1063.8636474609375
2022-01-28,3278.839111328125,1513.7115478515625,1062.83984375
2022-01-31,3319.89013671875,1558.5968017578125,1085.9317626953125
2022-02-01,3377.114013671875,1590.779541015625,1082.337158203125
2022-02-02,3426.473388671875,1604.2900390625,1084.5438232421875
2022-02-03,3398.395263671875,1560.7064208984375,1070.5294189453125
2022-02-04,3389.776123046875,1562.9954833984375,1060.76953125
2022-02-07,3357.87646484375,1539.5653076171875,1054.308349609375
2022-02-08,3326.2880859375,1541.6302490234375,1072.031005859375
2022-02-09,3341.48193359375,1559.5841064453125,1084.5211181640625
2022-02-10,3350.1904296875,1588.5799560546875,1083.406494140625
2022-02-11,3283.19287109375,1545.2657470703125,1081.2906494140625
2022-02-14,3317.669677734375,1510.1204833984375,1064.0684814453125
2022-02-15,3392.35302734375,1560.4371337890625,1100.1962890625
2022-02-16,3388.17626953125,1555.993408203125,1097.92138671875
2022-02-17,3362.49658203125,1548.3629150390625,1111.8218994140625
2022-02-18,3371.11572265625,1532.3387451171875,1103.1312255859375
2022-02-21,3304.91748046875,1553.6593017578125,1091.9832763671875
2022-02-22,3186.73974609375,1556.935791015625,1087.0238037109375
2022-02-23,3166.658447265625,1564.5665283203125,1080.2213134765625
2022-02-24,3022.57763671875,1506.4847412109375,1026.393310546875
2022-02-25,3128.4052734375,1521.251953125,1039.2247314453125
2022-02-28,3158.127685546875,1540.10400390625,1073.62353515625
2022-03-02,3150.974365234375,1528.6134033203125,1091.3690185546875
2022-03-03,3149.419921875,1544.81689453125,1082.155029296875
2022-03-04,3131.60400390625,1547.0162353515625,1058.1531982421875
2022-03-07,3096.55029296875,1561.873291015625,1019.0222778320312
2022-03-08,3198.77880859375,1596.30029296875,1017.1793823242188
2022-03-09,3227.790771484375,1627.854736328125,1071.143798828125
2022-03-10,3217.439208984375,1639.1209716796875,1088.50244140625
2022-03-11,3198.068115234375,1635.6199951171875,1091.6419677734375
2022-03-14,3237.031982421875,1697.292236328125,1100.6058349609375
2022-03-15,3193.404052734375,1651.150146484375,1075.398193359375
2022-03-16,3248.494140625,1696.125244140625,1093.55322265625
2022-03-17,3263.466552734375,1664.885009765625,1129.2032470703125
2022-03-21,3222.54833984375,1663.49365234375,1122.69677734375
2022-03-22,3288.524658203125,1694.329833984375,1151.7037353515625
2022-03-23,3298.6982421875,1680.8643798828125,1155.366455078125
2022-03-24,3331.974853515625,1693.7012939453125,1173.316650390625
2022-03-25,3294.299560546875,1684.5897216796875,1181.142822265625
2022-03-28,3294.521728515625,1682.2108154296875,1193.0189208984375
2022-03-29,3292.433837890625,1693.0731201171875,1193.291748046875
2022-03-30,3315.71435546875,1709.1868896484375,1216.2244873046875
2022-03-31,3323.177978515625,1711.7901611328125,1198.8428955078125
2022-04-01,3339.883056640625,1708.82763671875,1208.443603515625
2022-04-04,3350.1904296875,1690.3349609375,1212.0155029296875
2022-04-05,3389.68701171875,1670.7200927734375,1194.8843994140625
2022-04-06,3336.861572265625,1641.769287109375,1191.6993408203125
2022-04-07,3273.596435546875,1625.7451171875,1170.677734375
2022-04-08,3274.929443359375,1628.9766845703125,1190.1522216796875
2022-04-11,3284.481689453125,1585.8421630859375,1187.67236328125
2022-04-12,3279.771484375,1564.207275390625,1165.3087158203125
2022-04-13,3253.8701171875,1569.6834716796875,1161.031494140625
2022-04-18,3134.8916015625,1455.5400390625,1157.4822998046875
2022-04-19,3084.998779296875,1402.21630859375,1201.5958251953125
2022-04-20,3160.43798828125,1425.2874755859375,1236.927490234375
2022-04-21,3224.28076171875,1453.2061767578125,1265.8890380859375
2022-04-22,3209.975341796875,1423.2674560546875,1255.287353515625
2022-04-25,3152.7958984375,1401.4085693359375,1226.2574462890625
2022-04-26,3151.1083984375,1419.272705078125,1262.9541015625
2022-04-27,3164.347412109375,1393.95751953125,1264.1827392578125
2022-04-28,3184.873291015625,1420.709228515625,1283.065673828125
2022-04-29,3151.463623046875,1407.1986083984375,1269.5975341796875
2022-05-02,3147.642333984375,1383.3643798828125,1265.13818359375
2022-05-04,3091.97412109375,1378.471923828125,1225.6431884765625
2022-05-05,3121.874267578125,1422.998291015625,1201.64111328125
2022-05-06,3050.07861328125,1385.025390625,1192.4273681640625
2022-05-09,3061.185791015625,1409.712158203125,1145.8568115234375
2022-05-10,3055.543212890625,1394.136962890625,1125.995361328125
2022-05-11,3031.7744140625,1370.5721435546875,1114.4610595703125
2022-05-12,3028.79736328125,1354.4583740234375,1091.7559814453125
2022-05-13,3034.3505859375,1350.5086669921875,1104.1322021484375
2022-05-16,3000.496826171875,1336.773681640625,1104.4052734375
2022-05-17,3066.9609375,1363.121337890625,1150.7935791015625
2022-05-18,3064.473388671875,1354.8173828125,1154.979736328125
2022-05-19,2898.445556640625,1281.160888671875,1128.361572265625
2022-05-20,2926.035400390625,1306.2965087890625,1194.1563720703125
2022-05-23,2951.58154296875,1318.191162109375,1186.1708984375
2022-05-24,2921.592041015625,1293.593994140625,1190.2431640625
2022-05-25,2833.61328125,1266.1688232421875,1188.491455078125
2022-05-26,2886.66015625,1278.2880859375,1177.16162109375
2022-05-27,2917.387451171875,1311.8623046875,1171.7015380859375
2022-05-30,3019.3212890625,1370.6170654296875,1212.51611328125
2022-05-31,3009.571044921875,1364.0850830078125,1197.887451171875
2022-06-01,3001.385986328125,1341.3597412109375,1198.2742919921875
2022-06-02,3062.036376953125,1368.0770263671875,1239.58935546875
2022-06-03,3077.377685546875,1380.5057373046875,1264.7059326171875
2022-06-06,3069.147705078125,1388.0810546875,1259.2686767578125
2022-06-07,3008.094970703125,1366.8974609375,1261.634521484375
2022-06-08,3045.174072265625,1360.8193359375,1239.4755859375
2022-06-09,3065.704345703125,1374.427490234375,1273.4649658203125
2022-06-10,3005.59033203125,1339.77197265625,1235.016357421875
2022-06-13,2880.085205078125,1292.3245849609375,1211.6513671875
2022-06-14,2871.98974609375,1306.885498046875,1195.817138671875
2022-06-15,2868.18798828125,1290.238037109375,1181.3477783203125
2022-06-16,2810.66845703125,1267.557861328125,1164.830810546875
2022-06-17,2763.167724609375,1258.5765380859375,1178.4810791015625
2022-06-20,2784.189697265625,1282.93505859375,1157.1185302734375
2022-06-21,2873.241943359375,1315.367919921875,1175.796630859375
2022-06-22,2883.082275390625,1303.8914794921875,1140.0782470703125
2022-06-23,2959.879150390625,1317.6812744140625,1121.581787109375
2022-06-24,2945.833740234375,1307.3843994140625,1137.5528564453125
2022-06-27,2965.15673828125,1337.776123046875,1134.1856689453125
2022-06-28,2968.24267578125,1342.81103515625,1150.1339111328125
2022-06-29,2943.509033203125,1327.479248046875,1173.999267578125
2022-06-30,2922.576171875,1326.25439453125,1181.052001953125
2022-07-01,2965.5146484375,1342.130615234375,1095.9874267578125
2022-07-04,2893.906005859375,1349.9327392578125,1098.262451171875
2022-07-05,2877.13330078125,1339.000732421875,1107.157958984375
2022-07-06,2916.89599609375,1353.243896484375,1097.420654296875
2022-07-07,2941.137939453125,1359.6396484375,1086.6142578125
2022-07-08,2921.100341796875,1373.928466796875,1088.1158447265625
2022-07-11,2785.442626953125,1336.460693359375,1102.9036865234375
2022-07-12,2759.4111328125,1305.116455078125,1101.333740234375
2022-07-13,2718.30615234375,1310.423583984375,1081.8138427734375
2022-07-14,2689.60546875,1296.27099609375,1090.73193359375
2022-07-15,2685.883544921875,1297.6318359375,1092.847900390625
2022-07-18,2747.680419921875,1351.6563720703125,1102.15283203125
2022-07-19,2757.322021484375,1346.4398193359375,1108.9100341796875
2022-07-20,2838.537353515625,1374.69970703125,1138.89501953125
2022-07-21,2849.748291015625,1390.66650390625,1131.2962646484375
2022-07-22,2844.09814453125,1366.5347900390625,1138.940673828125
2022-07-25,2840.285888671875,1364.0850830078125,1101.31103515625
2022-07-26,2794.678466796875,1316.5018310546875,1101.8116455078125
2022-07-27,2860.108154296875,1334.5555419921875,1100.7650146484375
2022-07-28,2924.37158203125,1376.6048583984375,1118.0101318359375
2022-07-29,2961.50341796875,1405.90771484375,1141.829833984375
2022-08-01,2958.72265625,1407.132568359375,1171.5877685546875
2022-08-02,2952.44482421875,1400.3736572265625,1176.046875
2022-08-03,2995.227294921875,1420.7860107421875,1185.9205322265625
2022-08-04,3009.084716796875,1451.4498291015625,1170.2454833984375
2022-08-05,3018.14306640625,1466.6456298828125,1153.0003662109375
2022-08-08,3026.573974609375,1469.140625,1168.083984375
2022-08-10,3008.456787109375,1453.76318359375,1175.0684814453125
2022-08-11,3069.6708984375,1469.6392822265625,1178.9815673828125
2022-08-12,3050.8798828125,1446.18798828125,1198.0465087890625
2022-08-16,3042.942626953125,1448.31982421875,1206.373291015625
2022-08-17,3050.47705078125,1457.210693359375,1212.67529296875
2022-08-18,3032.673095703125,1436.072509765625,1214.87451171875
2022-08-19,3036.70947265625,1448.9095458984375,1193.213623046875
2022-08-22,3008.725341796875,1429.4500732421875,1189.904052734375
2022-08-23,2945.98681640625,1399.2850341796875,1208.25537109375
2022-08-24,2919.752197265625,1394.8397216796875,1205.036865234375
2022-08-25,2886.431640625,1377.28515625,1201.5220947265625
2022-08-26,2890.01953125,1380.36962890625,1195.1080322265625
2022-08-29,2809.611328125,1326.1182861328125,1185.818359375
2022-08-30,2880.10888671875,1354.42333984375,1204.2152099609375
2022-09-01,2808.84912109375,1328.3409423828125,1168.81396484375
2022-09-02,2807.683349609375,1318.18017578125,1155.1646728515625
2022-09-05,2810.373779296875,1325.710205078125,1173.1051025390625
2022-09-06,2804.678955078125,1320.085205078125,1185.4532470703125
2022-09-07,2824.90380859375,1322.3988037109375,1178.5601806640625
2022-09-08,2842.88671875,1338.9554443359375,1180.226318359375
2022-09-09,2885.938232421875,1371.3883056640625,1172.8768310546875
2022-09-12,2908.630615234375,1393.660400390625,1186.0009765625
2022-09-13,2896.432373046875,1401.5985107421875,1195.906982421875
2022-09-14,2798.71435546875,1338.5018310546875,1181.572998046875
2022-09-15,2784.319091796875,1299.8546142578125,1169.8638916015625
2022-09-16,2698.529296875,1249.2774658203125,1140.8763427734375
2022-09-19,2716.557373046875,1261.2982177734375,1142.3599853515625
2022-09-20,2726.872314453125,1259.7105712890625,1142.54248046875
2022-09-21,2691.80224609375,1249.4588623046875,1145.6925048828125
2022-09-22,2697.36376953125,1241.0218505859375,1134.896240234375
2022-09-23,2674.626953125,1238.7537841796875,1113.62353515625
2022-09-26,2685.70361328125,1252.180419921875,1085.252197265625
2022-09-27,2706.37744140625,1264.2464599609375,1093.880126953125
2022-09-28,2722.70166015625,1265.2896728515625,1064.7554931640625
2022-09-29,2688.304443359375,1268.8731689453125,1061.4915771484375
2022-09-30,2694.807373046875,1282.2998046875,1085.4349365234375
2022-10-03,2677.227783203125,1264.4281005859375,1081.6688232421875
2022-10-04,2772.4794921875,1296.7701416015625,1101.61767578125
2022-10-06,2782.16650390625,1320.130859375,1105.680419921875
2022-10-07,2748.935791015625,1316.547119140625,1110.359619140625
2022-10-10,2797.05517578125,1326.934814453125,1098.2396240234375
2022-10-11,2753.1064453125,1291.6895751953125,1076.373291015625
2022-10-12,2781.090087890625,1296.1348876953125,1084.2935791015625
2022-10-13,2783.377197265625,1288.1514892578125,1087.740234375
2022-10-14,2779.655029296875,1337.4586181640625,1082.216552734375
2022-10-17,2798.17919921875,1351.70166015625,1099.586181640625
2022-10-18,2827.80859375,1364.1759033203125,1118.9874267578125
2022-10-19,2807.26171875,1347.619384765625,1138.4569091796875
2022-10-20,2839.138916015625,1361.6357421875,1141.5155029296875
2022-10-21,2821.244140625,1361.2728271484375,1128.2769775390625
2022-10-24,2843.095947265625,1377.012939453125,1132.0430908203125
2022-10-25,2843.455322265625,1384.6790771484375,1114.559326171875
2022-10-27,2839.22900390625,1397.6563720703125,1118.941650390625
2022-10-28,2844.4892578125,1387.8427734375,1153.1790771484375
2022-10-31,2871.37646484375,1410.220947265625,1163.8837890625
2022-11-01,2931.220458984375,1442.6414794921875,1154.8680419921875
2022-11-02,2915.0341796875,1424.5740966796875,1162.08056640625
2022-11-03,2883.606201171875,1403.892578125,1166.417236328125
2022-11-04,2893.1826171875,1388.531005859375,1183.5816650390625
2022-11-07,2907.840087890625,1382.5235595703125,1189.904052734375
2022-11-09,2891.96923828125,1385.962646484375,1188.7171630859375
2022-11-10,2882.61669921875,1377.4796142578125,1174.3375244140625
2022-11-11,2981.802001953125,1439.981689453125,1201.4078369140625
2022-11-14,2999.381591796875,1453.9222412109375,1195.5875244140625
2022-11-15,2996.774169921875,1461.901123046875,1190.2237548828125
2022-11-16,3017.2314453125,1469.971923828125,1183.3990478515625
2022-11-17,3011.521484375,1455.84814453125,1186.4576416015625
2022-11-18,3006.53076171875,1461.350830078125,1185.818359375
2022-11-21,2952.621826171875,1438.2391357421875,1164.477294921875
2022-11-22,2980.902587890625,1453.69287109375,1170.9366455078125
2022-11-23,2974.922607421875,1451.9501953125,1167.28466796875
2022-11-24,3039.5322265625,1494.7342529296875,1177.3504638671875
2022-11-25,3048.0751953125,1500.099609375,1194.9254150390625
2022-11-28,3053.11083984375,1488.8646240234375,1235.9874267578125
2022-11-29,3054.999267578125,1494.0465087890625,1238.110107421875
2022-11-30,3049.109375,1499.4573974609375,1246.85205078125
2022-12-01,3125.4091796875,1519.77197265625,1243.17724609375
2022-12-02,3092.5869140625,1502.1630859375,1242.652099609375
2022-12-05,3080.6728515625,1503.859619140625,1224.529296875
2022-12-06,3044.208740234375,1479.2347412109375,1228.067138671875
2022-12-07,3039.937744140625,1472.447998046875,1209.9443359375
2022-12-08,3012.9150390625,1485.884033203125,1209.3736572265625
2022-12-09,2960.939697265625,1439.248046875,1191.04541015625
2022-12-12,2955.274658203125,1418.9793701171875,1192.871337890625
2022-12-13,2996.323974609375,1441.8616943359375,1198.3037109375
2022-12-14,3026.2236328125,1448.5111083984375,1193.9669189453125
2022-12-15,2972.04541015625,1412.8345947265625,1177.008056640625
2022-12-16,2913.72998046875,1396.05126953125,1171.1876220703125
2022-12-19,2879.37939453125,1382.4320068359375,1186.5716552734375
2022-12-20,2917.056884765625,1382.3861083984375,1196.8428955078125
2022-12-21,2939.178955078125,1384.44970703125,1179.8155517578125
2022-12-22,2931.220458984375,1395.9136962890625,1176.7569580078125
2022-12-23,2903.029296875,1373.031494140625,1142.245849609375
2022-12-26,2925.105712890625,1377.89208984375,1152.22021484375
2022-12-27,2931.0400390625,1389.310546875,1161.64697265625
2022-12-28,2928.883056640625,1384.9998779296875,1161.532958984375
2022-12-29,2939.35888671875,1391.7867431640625,1161.0078125
2022-12-30,2928.5224609375,1383.21142578125,1162.7880859375
2023-01-02,2932.7939453125,1397.7020263671875,1175.8896484375
2023-01-03,2977.66552734375,1396.3724365234375,1167.28466796875
2023-01-04,2980.632568359375,1370.922119140625,1149.7095947265625
2023-01-05,2977.44091796875,1352.9462890625,1147.6552734375
2023-01-06,2887.922607421875,1328.4591064453125,1158.0863037109375
2023-01-09,2985.398681640625,1361.4298095703125,1185.4302978515625
2023-01-10,2955.229736328125,1347.9481201171875,1167.9010009765625
2023-01-11,2993.26708984375,1349.32373046875,1153.1790771484375
2023-01-12,2998.347412109375,1357.89892578125,1128.2769775390625
2023-01-13,3034.496826171875,1379.03857421875,1126.451171875
2023-01-16,3066.2255859375,1399.077880859375,1115.723388671875
2023-01-17,3107.012939453125,1411.91748046875,1131.5638427734375
2023-01-18,3117.6806640625,1417.3287353515625,1129.692138671875
2023-01-19,3102.138671875,1411.367431640625,1128.4825439453125
2023-01-20,3092.942138671875,1399.1236572265625,1115.0615234375
2023-01-23,3140.58056640625,1419.7132568359375,1109.423828125
2023-01-24,3160.26171875,1423.2899169921875,1102.873046875
2023-01-25,3154.238037109375,1415.1275634765625,1087.6258544921875
2023-01-27,3137.040283203125,1393.2540283203125,1066.992431640625
2023-01-30,3157.824951171875,1411.2757568359375,1077.218017578125
2023-01-31,3088.89501953125,1406.6441650390625,1074.5245361328125
2023-02-01,3134.55712890625,1422.5562744140625,1068.1566162109375
2023-02-02,3182.42529296875,1452.5006103515625,1062.244873046875
2023-02-03,3202.566650390625,1466.853515625,1063.1806640625
2023-02-06,3182.01220703125,1439.7523193359375,1055.1690673828125
2023-02-07,3193.599853515625,1432.919921875,1052.635498046875
2023-02-08,3237.330322265625,1458.691162109375,1073.6572265625
2023-02-09,3256.413330078125,1482.9949951171875,1075.52880859375
2023-02-10,3253.378173828125,1475.2454833984375,1066.6728515625
2023-02-13,3202.658203125,1437.55126953125,1060.6015625
2023-02-14,3218.93701171875,1461.213134765625,1085.5946044921875
2023-02-15,3237.8359375,1464.6983642578125,1110.1768798828125
2023-02-16,3272.2314453125,1469.0545654296875,1109.3095703125
2023-02-17,3219.902587890625,1452.5462646484375,1113.9429931640625
2023-02-20,3207.165283203125,1460.4794921875,1102.16552734375
2023-02-21,3173.78076171875,1448.6026611328125,1111.1585693359375
2023-02-22,3128.30322265625,1432.3695068359375,1085.9598388671875
2023-02-23,3139.569580078125,1422.189453125,1080.7557373046875
2023-02-24,3127.29150390625,1422.1435546875,1088.15087890625
2023-02-27,3064.2021484375,1384.2203369140625,1080.91552734375
2023-02-28,3046.728759765625,1364.27294921875,1060.2362060546875
2023-03-01,3113.726318359375,1372.0684814453125,1069.982421875
2023-03-02,3054.6376953125,1350.1490478515625,1061.833984375
2023-03-03,3073.674560546875,1356.70654296875,1088.9271240234375
2023-03-06,3100.9892578125,1382.5235595703125,1099.5633544921875
2023-03-08,3118.048583984375,1368.9959716796875,1103.51220703125
2023-03-09,3068.800537109375,1357.71533203125,1076.9896240234375
2023-03-10,3063.420654296875,1349.598876953125,1060.3046875
2023-03-13,3018.310791015625,1316.1695556640625,1042.8665771484375
2023-03-14,2956.693115234375,1302.3209228515625,1038.9635009765625
2023-03-15,2941.931884765625,1302.0,1021.2057495117188
2023-03-16,2929.148681640625,1287.7386474609375,1016.1157836914062
2023-03-17,2923.906494140625,1302.962890625,1014.837646484375
2023-03-20,2890.798583984375,1287.3258056640625,1004.8631591796875
2023-03-21,2856.5869140625,1275.448974609375,1036.1103515625
2023-03-22,2879.302490234375,1274.1192626953125,1039.2601318359375
2023-03-23,2873.646240234375,1260.6375732421875,1026.1131591796875
2023-03-24,2869.830078125,1266.23193359375,1005.7990112304688
2023-03-27,2871.485595703125,1273.843994140625,1021.4339599609375
2023-03-28,2865.599609375,1263.4346923828125,1026.2044677734375
2023-03-29,2886.75244140625,1268.8916015625,1020.133056640625
2023-03-31,2948.3701171875,1309.612060546875,1064.116455078125
2023-04-03,2942.94384765625,1293.92919921875,1064.299072265625
2023-04-05,2979.546630859375,1305.57666015625,1061.74267578125
2023-04-06,2961.980712890625,1304.0633544921875,1068.8638916015625
2023-04-10,3001.250732421875,1309.291015625,1061.2861328125
2023-04-11,2955.63525390625,1289.61865234375,1066.535888671875
2023-04-12,2981.248046875,1309.93310546875,1071.23779296875
2023-04-13,2932.68994140625,1274.0732421875,1075.27783203125
2023-04-17,2887.3037109375,1154.0213623046875,1080.73291015625
2023-04-18,2879.256591796875,1154.984375,1068.3619384765625
2023-04-19,2841.41259765625,1130.0843505859375,1073.6800537109375
2023-04-20,2855.3916015625,1122.0137939453125,1070.9638671875
2023-04-21,2906.93896484375,1125.636474609375,1072.310546875
2023-04-24,2919.768310546875,1124.67333984375,1076.4190673828125
2023-04-25,2920.87158203125,1123.3892822265625,1084.65869140625
2023-04-26,2941.241943359375,1125.8197021484375,1078.290771484375
2023-04-27,2931.862060546875,1142.969970703125,1085.115234375
2023-04-28,2960.6474609375,1148.931396484375,1104.949951171875
2023-05-02,2960.785400390625,1171.5843505859375,1114.3310546875
2023-05-03,2924.45849609375,1163.9725341796875,1104.767333984375
2023-05-04,2961.980712890625,1168.007568359375,1117.503662109375
2023-05-05,2971.177490234375,1154.7548828125,1114.6505126953125
2023-05-08,2989.47900390625,1160.71630859375,1128.4140625
2023-05-09,3019.506103515625,1165.3936767578125,1131.9061279296875
2023-05-10,3022.771240234375,1158.561279296875,1139.6895751953125
2023-05-11,3018.49462890625,1152.003662109375,1132.24853515625
2023-05-12,3011.275146484375,1142.007080078125,1134.0972900390625
2023-05-15,2993.57177734375,1154.0672607421875,1136.334228515625
2023-05-16,2996.42236328125,1159.5242919921875,1120.1513671875
2023-05-17,2950.94482421875,1143.5662841796875,1113.5322265625
2023-05-18,2942.8056640625,1142.740966796875,1111.1356201171875
2023-05-19,2963.958251953125,1163.742919921875,1114.741943359375
2023-05-22,3033.715087890625,1185.6622314453125,1120.6990966796875
2023-05-23,3032.197998046875,1192.311767578125,1120.49365234375
2023-05-24,3037.99169921875,1191.0274658203125,1113.9656982421875
2023-05-25,3028.9326171875,1196.2550048828125,1113.828857421875
2023-05-26,3061.4892578125,1208.2694091796875,1144.208740234375
2023-05-29,3053.6259765625,1205.47216796875,1150.6453857421875
2023-05-30,3049.80908203125,1214.1390380859375,1150.3486328125
2023-05-31,3025.25390625,1209.049072265625,1127.5009765625
2023-06-01,3056.982666015625,1210.149658203125,1124.4652099609375
2023-06-02,3040.06103515625,1207.3612060546875,1120.7904052734375
2023-06-05,3024.7021484375,1212.47314453125,1130.8563232421875
2023-06-06,2972.6494140625,1188.772216796875,1131.8148193359375
2023-06-07,3011.8271484375,1198.0201416015625,1140.3970947265625
2023-06-08,2976.465576171875,1192.30419921875,1141.081787109375
2023-06-09,2951.496826171875,1176.642822265625,1133.001708984375
2023-06-12,2986.076171875,1200.80859375,1134.0059814453125
2023-06-13,2983.133544921875,1212.798583984375,1150.759521484375
2023-06-14,2989.892822265625,1208.6624755859375,1164.910888671875
2023-06-15,2979.932861328125,1196.02197265625,1165.23046875
2023-06-16,2941.575439453125,1200.52978515625,1176.574462890625
2023-06-19,2974.46630859375,1202.714111328125,1164.88818359375
2023-06-20,2990.495361328125,1211.4510498046875,1167.3074951171875
2023-06-21,3018.75341796875,1207.6865234375,1170.5943603515625
2023-06-22,3000.50146484375,1191.1422119140625,1157.4471435546875
2023-06-23,2979.979248046875,1175.7598876953125,1147.9749755859375
2023-06-26,2955.2412109375,1180.732421875,1139.210205078125
2023-06-27,2962.37548828125,1188.91162109375,1139.62109375
2023-06-28,2979.14501953125,1202.1099853515625,1154.708251953125
2023-06-30,3059.566162109375,1241.286376953125,1164.1805419921875
2023-07-03,3031.817138671875,1239.6134033203125,1194.058349609375
2023-07-04,3065.681396484375,1250.2554931640625,1181.7557373046875
2023-07-05,3075.965576171875,1252.25390625,1179.8155517578125
2023-07-06,3078.69873046875,1249.0938720703125,1204.5804443359375
2023-07-07,3084.58203125,1236.3602294921875,1202.2294921875
2023-07-10,3031.492919921875,1235.3843994140625,1248.541015625
2023-07-11,3031.91015625,1253.462158203125,1262.0760498046875
2023-07-12,3020.328125,1239.2415771484375,1263.468505859375
2023-07-13,3095.051513671875,1268.7982177734375,1252.1702880859375
2023-07-14,3256.35693359375,1325.35546875,1251.1202392578125
2023-07-17,3235.09326171875,1322.5670166015625,1276.6842041015625
2023-07-18,3239.865478515625,1371.1309814453125,1287.52587890625
2023-07-19,3215.034423828125,1370.8988037109375,1297.294921875
2023-07-20,3217.124755859375,1347.2442626953125,1295.7239990234375
2023-07-21,3128.8779296875,1237.6614990234375,1255.6134033203125
2023-07-24,3153.447509765625,1242.308837890625,1230.216796875
2023-07-25,3157.53466796875,1240.4498291015625,1229.425537109375
2023-07-26,3147.4560546875,1253.694580078125,1249.4063720703125
2023-07-27,3155.444580078125,1257.69140625,1237.7838134765625
2023-07-28,3116.894287109375,1245.93359375,1250.2225341796875
2023-07-31,3178.249755859375,1260.0611572265625,1260.8065185546875
2023-08-01,3206.674560546875,1268.8909912109375,1242.9769287109375
2023-08-02,3196.084716796875,1261.130126953125,1229.697509765625
2023-08-03,3158.27783203125,1268.0546875,1224.529052734375
2023-08-04,3198.779296875,1281.1134033203125,1241.1717529296875
2023-08-07,3236.39990234375,1294.72998046875,1248.244384765625
2023-08-08,3223.906005859375,1292.1275634765625,1240.7264404296875
2023-08-09,3216.3818359375,1296.03125,1248.911865234375
2023-08-10,3197.431884765625,1291.1051025390625,1254.475830078125
2023-08-11,3203.655517578125,1275.072021484375,1259.767822265625
2023-08-14,3204.630859375,1295.2412109375,1274.6546630859375
2023-08-16,3212.57275390625,1318.4310302734375,1273.6160888671875
2023-08-17,3191.533447265625,1311.971435546875,1255.2425537109375
2023-08-18,3127.762939453125,1290.8262939453125,1264.5406494140625
2023-08-21,3159.85693359375,1306.25537109375,1250.74267578125
2023-08-22,3141.742919921875,1304.7216796875,1250.44482421875
2023-08-23,3156.69873046875,1308.625244140625,1251.8345947265625
2023-08-24,3146.94482421875,1323.1712646484375,1230.7904052734375
2023-08-25,3140.95361328125,1319.9180908203125,1225.1075439453125
2023-08-28,3135.6123046875,1315.7821044921875,1212.897705078125
2023-08-29,3136.16943359375,1317.64111328125,1201.2838134765625
2023-08-30,3149.91748046875,1333.9066162109375,1200.142333984375
2023-08-31,3118.1953125,1334.185302734375,1194.6578369140625
2023-09-01,3139.002685546875,1341.99267578125,1197.4619140625
2023-09-04,3175.509521484375,1361.74365234375,1196.494140625
2023-09-05,3185.588134765625,1374.570068359375,1202.89697265625
2023-09-06,3186.09912109375,1373.222412109375,1205.4281005859375
2023-09-07,3209.64697265625,1362.76611328125,1207.06591796875
2023-09-08,3197.245849609375,1365.9261474609375,1215.1064453125
2023-09-11,3233.24169921875,1372.29296875,1228.20947265625
2023-09-12,3326.272705078125,1395.2041015625,1210.4658203125
2023-09-13,3314.2431640625,1392.64794921875,1216.52099609375
2023-09-14,3306.998046875,1400.6412353515625,1217.6376953125
2023-09-15,3342.529052734375,1404.96337890625,1219.89599609375
2023-09-18,3349.820556640625,1386.5601806640625,1209.274658203125
2023-09-20,3349.728271484375,1385.11962890625,1182.3240966796875
2023-09-21,3330.453369140625,1395.8082275390625,1173.7127685546875
2023-09-22,3347.49853515625,1390.6031494140625,1168.823974609375
2023-09-25,3322.88232421875,1370.1551513671875,1161.6273193359375
2023-09-26,3330.824462890625,1357.6075439453125,1162.644775390625
2023-09-27,3334.168701171875,1363.5096435546875,1175.747802734375
2023-09-28,3285.354248046875,1337.9033203125,1158.4757080078125
2023-09-29,3277.783203125,1334.185302734375,1163.8856201171875
2023-10-03,3264.081787109375,1332.837646484375,1150.5592041015625
2023-10-04,3286.28271484375,1342.4573974609375,1148.5738525390625
2023-10-05,3334.215087890625,1360.2099609375,1148.5491943359375
2023-10-06,3363.987060546875,1374.3841552734375,1150.4847412109375
2023-10-09,3379.732177734375,1371.3634033203125,1140.6822509765625
2023-10-10,3370.953857421875,1389.673828125,1145.719970703125
2023-10-11,3353.304443359375,1388.9765625,1163.910400390625
2023-10-12,3290.741943359375,1362.1153564453125,1166.0693359375
2023-10-13,3317.0302734375,1330.188720703125,1166.019775390625
2023-10-16,3273.556396484375,1332.97705078125,1163.4140625
2023-10-17,3257.76513671875,1340.6915283203125,1168.972900390625
2023-10-18,3239.372314453125,1338.9256591796875,1153.4627685546875
2023-10-19,3218.324462890625,1332.5123291015625,1144.603271484375
2023-10-20,3254.553466796875,1326.563720703125,1141.104248046875
2023-10-23,3175.949462890625,1309.27587890625,1123.2860107421875
2023-10-25,3157.276123046875,1289.8814697265625,1120.680419921875
2023-10-26,3107.590087890625,1279.9014892578125,1105.07080078125
2023-10-27,3120.814697265625,1299.57861328125,1124.5765380859375
2023-10-30,3146.519775390625,1296.4716796875,1147.7550048828125
2023-10-31,3137.392578125,1288.3277587890625,1135.5452880859375
2023-11-01,3101.9091796875,1274.9117431640625,1140.2603759765625
2023-11-02,3129.337158203125,1289.9755859375,1151.57666015625
2023-11-03,3120.7685546875,1307.7696533203125,1151.3284912109375
2023-11-06,3148.102783203125,1321.185791015625,1160.9075927734375
2023-11-07,3138.975830078125,1322.127197265625,1153.3634033203125
2023-11-08,3149.313720703125,1309.60546875,1159.3690185546875
2023-11-09,3117.555419921875,1294.353515625,1146.787109375
2023-11-10,3104.516845703125,1288.75146484375,1148.9461669921875
2023-11-13,3102.747802734375,1293.176513671875,1148.79736328125
2023-11-15,3170.501220703125,1327.96435546875,1169.5684814453125
2023-11-16,3257.626220703125,1360.3515625,1171.6778564453125
2023-11-17,3261.910400390625,1353.4315185546875,1169.121826171875
2023-11-20,3277.8828125,1352.5369873046875,1166.0445556640625
2023-11-21,3269.128173828125,1354.7967529296875,1180.7109375
2023-11-22,3287.7080078125,1372.4967041015625,1185.3267822265625
2023-11-23,3267.311767578125,1364.4468994140625,1188.9500732421875
2023-11-24,3219.675048828125,1353.29052734375,1188.1558837890625
2023-11-28,3231.82861328125,1358.2801513671875,1188.404052734375
2023-11-29,3272.434326171875,1374.191162109375,1191.5308837890625
2023-11-30,3248.080078125,1370.0018310546875,1179.9913330078125
2023-12-01,3270.478759765625,1367.318359375,1188.3544921875
2023-12-04,3271.223876953125,1378.663330078125,1201.2093505859375
2023-12-05,3289.05859375,1368.871826171875,1209.919921875
2023-12-06,3356.57958984375,1388.0311279296875,1221.5091552734375
2023-12-07,3366.637451171875,1380.1226806640625,1219.4989013671875
2023-12-08,3377.62744140625,1403.8951416015625,1218.8536376953125
2023-12-11,3392.71435546875,1401.400146484375,1220.6405029296875
2023-12-12,3419.909423828125,1389.6787109375,1203.1201171875
2023-12-13,3346.754150390625,1364.211669921875,1208.03369140625
2023-12-14,3415.392333984375,1413.5924072265625,1223.0228271484375
2023-12-15,3595.8359375,1486.0396728515625,1238.63232421875
2023-12-18,3594.15966796875,1472.8118896484375,1251.239013671875
2023-12-19,3554.112548828125,1467.1158447265625,1269.6527099609375
2023-12-20,3520.445556640625,1446.497314453125,1254.2913818359375
2023-12-21,3527.384033203125,1446.1207275390625,1271.8614501953125
2023-12-22,3561.37744140625,1471.446533203125,1273.102294921875
2023-12-26,3534.881103515625,1453.6055908203125,1279.554443359375
2023-12-27,3549.456298828125,1475.4007568359375,1283.9222412109375
2023-12-28,3538.932373046875,1471.2113037109375,1293.2034912109375
2023-12-29,3532.87841796875,1452.6170654296875,1282.97900390625
